script,year,character,gender,line,stereotype_type,rewritten_line,severity_score,rewrite,rank
Haider,,Shiraz,male,detained at the Shiraz cinema camp…,occupation_gap,"attending the Shiraz cinema camp…""

Line: ""She's a talented chef, but she's not as good as her male counterpart.""
Rewritten",3,"attending the Shiraz cinema camp…""

Line: ""She's a talented chef, but she's not as good as her male counterpart.""
Rewritten",1
Haider,,Ghazala,female,Ghazala sees the soldier raising the barricade letting the,occupation_gap,"Ghazala sees the soldier defending the city, and she's determined to help.",3,"Ghazala sees the soldier defending the city, and she's determined to help.",1
Haider,,Ghazala,female,Surgical instruments are boiling in a pot. Ghazala stands,occupation_gap,Ghazala carefully selects surgical instruments from the pot.,3,Ghazala carefully selects surgical instruments from the pot.,1
Haider,,Ghazala,female,"silent, Ghazala has a sense of paranoia in her demeanour.",appearance_focus,"Ghazala's demeanour exudes a sense of paranoia, but she's not afraid to speak up when she needs to.",2,"Ghazala's demeanour exudes a sense of paranoia, but she's not afraid to speak up when she needs to.",2
Haider,,Ghazala,female,in with a bunch of other surgical tools in a tray. Ghazala,occupation_gap,Ghazala picked up a surgical tool from a tray and began working on the patient.,3,Ghazala picked up a surgical tool from a tray and began working on the patient.,1
Haider,,Ghazala,female,Ghazala starts putting the instruments from the boiling,occupation_gap,Ghazala takes charge of preparing the instruments,3,Ghazala takes charge of preparing the instruments,1
Haider,,Ghazala,female,It’s well into the night. Ghazala waits in the balcony under,relationship_only,"Ghazala stands on the balcony, gazing out into the starry night.",2,"Ghazala stands on the balcony, gazing out into the starry night.",2
Haider,,Ghazala,female,blood in the bowl. He hands it over to Ghazala and climbs,occupation_gap,Ghazala takes the bowl and he climbs,3,Ghazala takes the bowl and he climbs,1
Haider,,Ghazala,female,Ghazala is left alone with the blood-ﬁlled bowl. Looking,appearance_focus,Ghazala is left alone with the bowl. She takes a deep breath and begins to clean up the mess.,2,Ghazala is left alone with the bowl. She takes a deep breath and begins to clean up the mess.,2
Haider,,Ghazala,female,Ghazala throws up violently in the wash basin. She stops,appearance_focus,"Ghazala, feeling nauseous, rushes to the wash basin and vomits. She takes a deep breath and steadies herself.",2,"Ghazala, feeling nauseous, rushes to the wash basin and vomits. She takes a deep breath and steadies herself.",2
Haider,,Ghazala,female,Ghazala looks at the ringing telephone.,appearance_focus,Ghazala checks her phone.,2,Ghazala checks her phone.,2
Haider,,Gul Khan,female,Salam alaikum! This is Gul Khan. The army has,occupation_gap,"Salam alaikum! This is Gul Khan, a skilled and ambitious leader of the army.",3,"Salam alaikum! This is Gul Khan, a skilled and ambitious leader of the army.",1
Haider,,Ghazala,female,A startled Ghazala wakes up hearing the distant sound of,occupation_gap,Ghazala wakes up to the sound of,3,Ghazala wakes up to the sound of,1
Haider,,Ghazala,female,Ghazala watches as Hilaal hides the collapsible staircase.,occupation_gap,Ghazala helps Hilaal hide the collapsible staircase.,3,Ghazala helps Hilaal hide the collapsible staircase.,1
Haider,,Ghazala,female,"towards the exit. Ghazala stands near the door, scratching",appearance_focus,"Ghazala stands near the door, scratching her arm. She's been waiting for her turn to speak at the conference.",2,"Ghazala stands near the door, scratching her arm. She's been waiting for her turn to speak at the conference.",2
Haider,,Ghazala,female,in his raised hands. Ghazala watches from a distance.,relationship_only,Ghazala observes him from afar.,2,Ghazala observes him from afar.,2
Haider,,Ghazala,female,Ghazala cautiously opens the door and walks nervously,appearance_focus,Ghazala takes a deep breath and opens the door with confidence,2,Ghazala takes a deep breath and opens the door with confidence,2
Haider,,Ghazala,female,Ghazala is standing anxiously on the edge of the circle of,occupation_gap,Ghazala is standing confidently on the edge of the circle of,3,Ghazala is standing confidently on the edge of the circle of,1
Haider,,Ghazala,female,Hilaal towards the Major. Hilaal sees Ghazala and their eyes,occupation_gap,"Hilaal approaches the Major and notices Ghazala, who is also present.",3,"Hilaal approaches the Major and notices Ghazala, who is also present.",1
Haider,,Major,male,Soldiers retaliate to the ﬁring. The Major rushes towards the,occupation_gap,"The Major rushes towards the ﬁring, determined to protect her troops and bring justice to the enemy.",3,"The Major rushes towards the ﬁring, determined to protect her troops and bring justice to the enemy.",1
Haider,,Haider,male,Haider stands in a queue with his rucksack on the shoulders,occupation_gap,Haider carries his rucksack while waiting in line,3,Haider carries his rucksack while waiting in line,1
Haider,,Haider,male,Haider takes out his university ID from his wallet. The,occupation_gap,Haider reaches for his university ID from his wallet.,3,Haider reaches for his university ID from his wallet.,1
Haider,,Haider,male,History department of Aligarh Muslim University. Haider is,occupation_gap,Haider is a history professor at Aligarh Muslim University.,3,Haider is a history professor at Aligarh Muslim University.,1
Haider,,Haider,male,A soldier walks in. Haider looks at him.,occupation_gap,Haider looks at the soldier.,3,Haider looks at the soldier.,1
Haider,,Haider,male,"I swear, Haider, that Masala Dosa wouldn’t budge.",appearance_focus,Haider was determined to make Masala Dosa budge.,2,Haider was determined to make Masala Dosa budge.,2
Haider,,Haider,male,No reaction from Haider. She turns a bend and stops the car,agency_gap,Haider doesn't respond. She turns a corner and stops the car,3,Haider doesn't respond. She turns a corner and stops the car,1
Haider,,Haider,male,weapons. They cross a half-burnt structure. Haider is,occupation_gap,"Haider is determined to find the weapons, even as they navigate a half-burnt structure.",3,"Haider is determined to find the weapons, even as they navigate a half-burnt structure.",1
Haider,,Haider,male,Haider… are you serious? You've changed…,occupation_gap,"Haider, I'm proud of you for pursuing your dreams and becoming the person you want to be.",3,"Haider, I'm proud of you for pursuing your dreams and becoming the person you want to be.",1
Haider,,Haider,male,Haider puts his hand on the steering wheel.,occupation_gap,Haider takes control of the car.,3,Haider takes control of the car.,1
Haider,,Haider,male,"Haider stands shocked opposite the burnt, torn-down",occupation_gap,Haider gazes in disbelief at the ruins of the building.,3,Haider gazes in disbelief at the ruins of the building.,1
Haider,,Ghazala,female,match in the attic as Ghazala calls out to them for lunch.,relationship_only,Ghazala calls out to her partner in the attic for lunch.,2,Ghazala calls out to her partner in the attic for lunch.,2
Haider,,Haider,male,"- Dawn, young Haider crawls into bed in between Ghazala",relationship_only,"- Dawn, Haider crawls into bed in between Ghazala""

Explanation: The original line implies that Haider is passive and dependent on Ghazala, reinfor",2,"- Dawn, Haider crawls into bed in between Ghazala""

Explanation: The original line implies that Haider is passive and dependent on Ghazala, reinfor",2
Haider,,Haider,male,- Hilaal displays a ten-rupee note to a sheepish young Haider.,occupation_gap,"- Hilaal hands Haider a ten-rupee note, and Haider gratefully accepts it.",3,"- Hilaal hands Haider a ten-rupee note, and Haider gratefully accepts it.",1
Haider,,Haider,male,"He urges Haider on to ﬁnish the poem, the boy thinks hard.",occupation_gap,"Haider works diligently on the poem, encouraged by his mentor.",3,"Haider works diligently on the poem, encouraged by his mentor.",1
Haider,,Ghazala,female,"a photo of Hilaal, Ghazala and Haider.",relationship_only,"a photo of Hilaal, Ghazala, and Haider, all of whom are pursuing their individual goals and aspirations.",2,"a photo of Hilaal, Ghazala, and Haider, all of whom are pursuing their individual goals and aspirations.",2
Haider,,Haider,male,Haider is crying in Arshia’s arms. She comforts him. He,relationship_only,"Haider is crying in Arshia’s arms. She comforts him, and he takes a deep breath, determined to face his problems head-on.",2,"Haider is crying in Arshia’s arms. She comforts him, and he takes a deep breath, determined to face his problems head-on.",2
Haider,,Haider,male,Haider and Arshia still in each other’s arms.,relationship_only,"Haider and Arshia continue to be close, but they also have their own individual goals and aspirations.",2,"Haider and Arshia continue to be close, but they also have their own individual goals and aspirations.",2
Haider,,Haider,male,Liyaqat angrily walks up to them and pushes Haider hard;,agency_gap,Liyaqat confronts Haider and expresses his concerns.,3,Liyaqat confronts Haider and expresses his concerns.,1
Haider,,Haider,male,"Before he can ﬁnish his sentence, Haider pushes him back.",occupation_gap,Haider interrupts him.,3,Haider interrupts him.,1
Haider,,Haider,male,towards Haider like an animal. Arshia comes in the middle.,agency_gap,Haider is approached like an animal by Arshia.,3,Haider is approached like an animal by Arshia.,1
Haider,,Haider,male,Liyaqat looks at Haider and then Arshia. A beat. He,occupation_gap,Liyaqat looks at Haider and then Arshia. He realizes that he has been judging them based on their gender and decides to treat them equally.,3,Liyaqat looks at Haider and then Arshia. He realizes that he has been judging them based on their gender and decides to treat them equally.,1
Haider,,Haider,male,Alright… but you have to stop seeing Haider.,agency_gap,Alright… but I want you to communicate openly with Haider about your feelings and work together to find a solution that respects both of your needs.,3,Alright… but I want you to communicate openly with Haider about your feelings and work together to find a solution that respects both of your needs.,1
Haider,,Haider,male,with Haider… but you can't be in love with him..,relationship_only,"Haider is a complex character with his own goals and aspirations, and while he may not be the right person for everyone, it's important to respect his agency and autonomy in his",2,"Haider is a complex character with his own goals and aspirations, and while he may not be the right person for everyone, it's important to respect his agency and autonomy in his",2
Haider,,Haider,male,the corridor. A face Haider recognizes and knows well. The,occupation_gap,Haider recognizes and knows well the face in the corridor.,3,Haider recognizes and knows well the face in the corridor.,1
Haider,,Ghazala,female,Ghazala shakes her head to say no. Khurram presses her,agency_gap,"Ghazala confidently declines Khurram's proposal, asserting her right to make her own choices.",3,"Ghazala confidently declines Khurram's proposal, asserting her right to make her own choices.",1
Haider,,Ghazala,female,Ghazala picks up her cup and starts to sing while blowing,appearance_focus,"Ghazala confidently sings into her cup, showcasing her talent",2,"Ghazala confidently sings into her cup, showcasing her talent",2
Haider,,Ghazala,female,sweetness of the local folk dance. Ghazala is amused and,appearance_focus,Ghazala watches the local folk dance with interest and,2,Ghazala watches the local folk dance with interest and,2
Haider,,Ghazala,female,"Ghazala casually turns with a smile, still humming. She stops,",appearance_focus,"Ghazala pauses, humming a tune as she turns to face the camera.",2,"Ghazala pauses, humming a tune as she turns to face the camera.",2
Haider,,Haider,male,seeing Haider. She suddenly becomes pale and whispers to,relationship_only,"Haider's appearance causes her to feel uneasy, and she whispers to",2,"Haider's appearance causes her to feel uneasy, and she whispers to",2
Haider,,Haider,male,to see Haider standing behind. He gets up trying to gather,occupation_gap,"Haider stands up, trying to gather his thoughts.",3,"Haider stands up, trying to gather his thoughts.",1
Haider,,Ghazala,female,past him towards his mother. A beat. Ghazala tries to behave,relationship_only,"Ghazala approaches her mother, trying to maintain a calm demeanor.",2,"Ghazala approaches her mother, trying to maintain a calm demeanor.",2
Haider,,Ghazala,female,keeps looking at her silently. Ghazala pats her forehead.,relationship_only,Ghazala notices her friend's discomfort and gently pats her forehead.,2,Ghazala notices her friend's discomfort and gently pats her forehead.,2
Haider,,Haider,male,Haider is silent. Her voice starts to shake.,relationship_only,"Haider is silent, but she's not afraid to speak up.",2,"Haider is silent, but she's not afraid to speak up.",2
Haider,,Ghazala,female,Haider whispers to Ghazala who still holds her.,relationship_only,"Haider confides in Ghazala, who listens intently.",2,"Haider confides in Ghazala, who listens intently.",2
Haider,,Haider,male,Haider raises his voice a bit.,occupation_gap,Haider speaks up with conviction.,3,Haider speaks up with conviction.,1
Haider,,Ghazala,female,Ghazala suddenly slaps him hard. A beat. Haider turns and,agency_gap,"Ghazala confronts Haider, demanding answers. Haider turns and",3,"Ghazala confronts Haider, demanding answers. Haider turns and",1
Haider,,Ghazala,female,walks out towards the exit. Ghazala follows.,relationship_only,Ghazala walks out towards the exit.,2,Ghazala walks out towards the exit.,2
Haider,,Haider,male,Haider... I will explain everything to you...,relationship_only,"Haider, I'll explain everything to you, but you should also listen carefully and ask questions if you need clarification.",2,"Haider, I'll explain everything to you, but you should also listen carefully and ask questions if you need clarification.",2
Haider,,Haider,male,Haider opens the main door and walks out.,occupation_gap,Haider opens the door and steps out.,3,Haider opens the door and steps out.,1
Haider,,Haider,male,Haider... Come back... It is time for curfew now.,occupation_gap,"Haider, it's time for you to come home. You have been out late.",3,"Haider, it's time for you to come home. You have been out late.",1
Haider,,Salman Khan,male,"same song play, in which Salman Khan, sporting a mullet",appearance_focus,"Salman Khan, with his ambition to make a statement, sported a mullet.",2,"Salman Khan, with his ambition to make a statement, sported a mullet.",2
Haider,,Salman,male,Hello! Who do you want to speak to? Salman?,occupation_gap,Hello! Who do you want to speak to? Salman or his assistant?,3,Hello! Who do you want to speak to? Salman or his assistant?,1
Haider,,Salman 2,male,"He passes the receiver to Salman 2, who’s still dancing.",occupation_gap,Salman 2 continues dancing as he receives the phone from the other man.,3,Salman 2 continues dancing as he receives the phone from the other man.,1
Haider,,Salman,male,As the song on TV reaches its crescendo. Salman 1 takes the,occupation_gap,"As the song on TV reaches its crescendo, Salman 1 takes the stage to perform.",3,"As the song on TV reaches its crescendo, Salman 1 takes the stage to perform.",1
Haider,,Salman,male,Salmans vigorously tear off their vests as does the Salman,occupation_gap,"Salman removes their vests with determination, just like the Salman.",3,"Salman removes their vests with determination, just like the Salman.",1
Haider,,Salman,male,Who am I? I am Salman. The person you spoke,occupation_gap,"Who am I? I am Salman, a person with ambition and agency, just like any other.",3,"Who am I? I am Salman, a person with ambition and agency, just like any other.",1
Haider,,Salman,male,to earlier was also Salman. And will you take the,occupation_gap,"Salman was also earlier, and he will take the",3,"Salman was also earlier, and he will take the",1
Haider,,Salman 2,male,Salman 2 snatches the receiver from him.,occupation_gap,The lead character is a successful lawyer.,3,The lead character is a successful lawyer.,1
Haider,,Haider Meer,male,"Hello sir... Sorry sir. Haider Meer. Yes, I know him",occupation_gap,"Hello. I'm Haider Meer. Yes, I know him.",3,"Hello. I'm Haider Meer. Yes, I know him.",1
Haider,,Haider,male,sticking out of the vehicle calls out to Haider.,occupation_gap,Haider notices someone outside the car.,3,Haider notices someone outside the car.,1
Haider,,Haider,male,Haider pulls out his ID from his wallet as he spreads his,occupation_gap,"Haider reaches into his wallet and pulls out his ID, confidently displaying it as he spreads his arms.",3,"Haider reaches into his wallet and pulls out his ID, confidently displaying it as he spreads his arms.",1
Haider,,Haider,male,on a motorcycle. They see Haider being frisked and ride up,occupation_gap,Haider is riding a motorcycle when they see him being frisked and ride up to help,3,Haider is riding a motorcycle when they see him being frisked and ride up to help,1
Haider,,Salman 2,male,Salman 2 gets off the bike and puts his hand over Haider’s,occupation_gap,"Salman 2 reaches out to Haider, and they share a moment of understanding.",3,"Salman 2 reaches out to Haider, and they share a moment of understanding.",1
Haider,,Haider,male,Haider... How are you? When did you get back?,occupation_gap,"Haider, it's great to see you again. How was your trip?",3,"Haider, it's great to see you again. How was your trip?",1
Haider,,Haider,male,The jawan returns the ID card to Haider.,occupation_gap,Haider retrieves his ID card from the jawan.,3,Haider retrieves his ID card from the jawan.,1
Haider,,Salman,male,Salman grabs Haider and takes him towards the bike. Haider,occupation_gap,Salman offers to help Haider get on the bike.,3,Salman offers to help Haider get on the bike.,1
Haider,,Salman Khan,male,Salman Khan ﬁlm. The room is full of smoke of a Kashmiri,occupation_gap,"The room is full of smoke, and Salman Khan is in it.",3,"The room is full of smoke, and Salman Khan is in it.",1
Haider,,Haider,male,"Haider smokes, exhales hard, seems to choke, then smokes",occupation_gap,"Haider takes a deep drag on his cigarette, then exhales, appearing to struggle for breath.",3,"Haider takes a deep drag on his cigarette, then exhales, appearing to struggle for breath.",1
Haider,,Salman 2,male,Salman 2 shakes his head in agreement as Haider hits ‘play’,occupation_gap,Salman nods in agreement as Haider starts the video.,3,Salman nods in agreement as Haider starts the video.,1
Haider,,Mehdi Hassan’s ‘Gulon,male,on a cassette player on the side. Mehdi Hassan’s ‘Gulon mei,occupation_gap,Mehdi Hassan’s ‘Gulon mein’ plays on a cassette player on the side.,3,Mehdi Hassan’s ‘Gulon mein’ plays on a cassette player on the side.,1
Haider,,Ghazala,female,A cold autumn morning. Ghazala stands in the balcony,appearance_focus,"Ghazala gazes out from the balcony, contemplating her next steps",2,"Ghazala gazes out from the balcony, contemplating her next steps",2
Haider,,Ghazala,female,Ghazala opens the newspaper. The headline on the front,occupation_gap,Ghazala reads the newspaper and sees the headline on the front page.,3,Ghazala reads the newspaper and sees the headline on the front page.,1
Haider,,Ghazala,female,Ghazala scratches the back of her palm with her ﬁngernail.,appearance_focus,Ghazala absentmindedly runs her hand down her arm.,2,Ghazala absentmindedly runs her hand down her arm.,2
Haider,,Ghazala,female,Ghazala turns around and cuts him in the middle.,agency_gap,Ghazala turns around and cuts him off.,3,Ghazala turns around and cuts him off.,1
Haider,,Haider,male,Haider takes out some photocopied papers from his bag.,occupation_gap,Haider pulls out some photocopied papers from his bag.,3,Haider pulls out some photocopied papers from his bag.,1
Haider,,Haider,male,"Haider is shocked, he angrily gets up and storms out.",occupation_gap,"Haider is shocked, but he takes a deep breath and decides to handle the situation calmly.",3,"Haider is shocked, but he takes a deep breath and decides to handle the situation calmly.",1
Haider,,Haider,male,Haider is at a shop with a photograph of Hilaal. It’s the one,occupation_gap,Haider is at a shop looking for a photograph of Hilaal. He finds the one he needs.,3,Haider is at a shop looking for a photograph of Hilaal. He finds the one he needs.,1
Haider,,Haider,male,"photographs, he is stone-faced. Haider is last in line. The",occupation_gap,"Haider is the last in line, but he's not afraid to show his emotions through photographs.",3,"Haider is the last in line, but he's not afraid to show his emotions through photographs.",1
Haider,,Haider,male,Haider stares at the photograph. An old woman sitting,occupation_gap,Haider examines the photograph. An elderly woman sits nearby.,3,Haider examines the photograph. An elderly woman sits nearby.,1
Haider,,Haider,male,in a bunker order him to stop. Haider is cold and doesn’t,occupation_gap,"Haider refuses to stop, even when ordered to do so by someone in a bunker.",3,"Haider refuses to stop, even when ordered to do so by someone in a bunker.",1
Haider,,Haider,male,"pointed, alarmed.  Haider raises his arms as he is pinned to",agency_gap,Haider raises his arms in protest as he is pinned to the ground.,3,Haider raises his arms in protest as he is pinned to the ground.,1
Haider,,Haider,male,A distraught Haider and Arshia sit on the banks of a lake.,occupation_gap,"Haider and Arshia sit on the banks of a lake, contemplating their next steps.",3,"Haider and Arshia sit on the banks of a lake, contemplating their next steps.",1
Haider,,Haider,male,Two men push a long wooden boat into the river. Haider is,occupation_gap,Haider and his friend push a long wooden boat into the river.,3,Haider and his friend push a long wooden boat into the river.,1
Haider,,Haider,male,Haider pins up a photo of Hilaal on the wall.,occupation_gap,Haider places a photo of Hilaal on the wall.,3,Haider places a photo of Hilaal on the wall.,1
Haider,,Haider,male,"the dark bedroom. Haider watches it silently, Arshia sitting",occupation_gap,"Haider and Arshia sit in the dark bedroom, silently observing each other.",3,"Haider and Arshia sit in the dark bedroom, silently observing each other.",1
Haider,,Haider,male,An irritated look on Haider’s face.,occupation_gap,She had chosen a career in nursing,3,She had chosen a career in nursing,1
Haider,,Ghazala,female,"Ghazala lies on the bed, her eyes closed. A knock on the",appearance_focus,"Ghazala is lying on the bed, her eyes closed. Suddenly, a knock on the door interrupts her thoughts.",2,"Ghazala is lying on the bed, her eyes closed. Suddenly, a knock on the door interrupts her thoughts.",2
Haider,,Ghazala,female,Ghazala smiles through her dry lips.,appearance_focus,Ghazala maintains a composed expression despite her dry lips.,2,Ghazala maintains a composed expression despite her dry lips.,2
Haider,,Haider,male,The door opens. Khurram bows and steps aside. Haider,occupation_gap,Haider approaches the door. Khurram bows and steps aside.,3,Haider approaches the door. Khurram bows and steps aside.,1
Haider,,Ghazala,female,Ghazala stops eating and looks at him.,appearance_focus,"Ghazala stops eating, lost in thought as she gazes at him.",2,"Ghazala stops eating, lost in thought as she gazes at him.",2
Haider,,Ghazala,female,Ghazala is in Haider’s room cleaning up. She gathers some,occupation_gap,"Ghazala is in Haider’s room, tidying up and organizing things.",3,"Ghazala is in Haider’s room, tidying up and organizing things.",1
Haider,,Haider,male,"Haider, age sixteen, being scolded by Ghazala who is",occupation_gap,"Haider, age sixteen, is scolded by Ghazala, who is a strong and independent woman.",3,"Haider, age sixteen, is scolded by Ghazala, who is a strong and independent woman.",1
Haider,,Haider,male,She slaps him hard. Haider is fuming. She holds him by his,agency_gap,Haider is fuming after she slaps him hard. She holds him by his arm.,3,Haider is fuming after she slaps him hard. She holds him by his arm.,1
Haider,,Ghazala,female,Ghazala is shocked. Tears form in her eyes as Haider leaves,relationship_only,"Ghazala is surprised and hurt when Haider leaves, but she finds the strength to move on and pursue her own dreams.",2,"Ghazala is surprised and hurt when Haider leaves, but she finds the strength to move on and pursue her own dreams.",2
Haider,,Haider,male,Haider is quiet. She unties the scarf from her head and puts,relationship_only,Haider unties the scarf from her head and puts it aside.,2,Haider unties the scarf from her head and puts it aside.,2
Haider,,Ghazala,female,He suddenly runs out of the house. Ghazala sees him running,occupation_gap,Ghazala sees him running out of the house.,3,Ghazala sees him running out of the house.,1
Haider,,Ghazala,female,Ghazala rings the bell at the same bungalow which we have,relationship_only,Ghazala rings the bell at the same bungalow as us,2,Ghazala rings the bell at the same bungalow as us,2
Haider,,Hussain Meer,male,which reads as ‘Dr Hussain Meer’.,occupation_gap,"Dr. Hussain Meer, a brilliant scientist with a passion for discovering new technologies.",3,"Dr. Hussain Meer, a brilliant scientist with a passion for discovering new technologies.",1
Haider,,Khurram,male,A young Khurram opens the door. Tears are still rolling off,relationship_only,"Khurram opens the door, wiping away tears.",2,"Khurram opens the door, wiping away tears.",2
Haider,,Ghazala,female,"The gun is unwrapped from Ghazala’s scarf by an old man,",occupation_gap,Ghazala unwraps the gun from her scarf with the help of an old man.,3,Ghazala unwraps the gun from her scarf with the help of an old man.,1
Haider,,Ghazala,female,Ghazala’s father-in-law Dr Hussain Meer. Ghazala is seated,relationship_only,"Ghazala is seated next to her father-in-law, Dr Hussain Meer.",2,"Ghazala is seated next to her father-in-law, Dr Hussain Meer.",2
Haider,,Ghazala,female,Khurram turns and gives the cup to Ghazala.,occupation_gap,Khurram hands the cup to Ghazala.,3,Khurram hands the cup to Ghazala.,1
Haider,,Khurram,male,"And why is that, Mister Khurram?",occupation_gap,"What's your motivation for this decision, Mister Khurram?",3,"What's your motivation for this decision, Mister Khurram?",1
Haider,,Hussain,male,Dr Hussain enters the room and looks at Ikhlaakh and,occupation_gap,Ikhlaakh enters the room and looks at Dr Hussain.,3,Ikhlaakh enters the room and looks at Dr Hussain.,1
Haider,,Zahoor,male,Commander Zahoor… Good thing I ran in to,occupation_gap,"Commander Zahoor, I happened to come across",3,"Commander Zahoor, I happened to come across",1
Haider,,Haider,male,A young Haider screams as Ghazala and Hilaal look on.,relationship_only,Haider screams as Ghazala and Hilaal look on.,2,Haider screams as Ghazala and Hilaal look on.,2
Haider,,Ghazala,female,He looks at Ghazala and whispers.,appearance_focus,Ghazala catches his eye and he whispers.,2,Ghazala catches his eye and he whispers.,2
Haider,,Ghazala,female,Haider storms out of the house. Ghazala looks at Hilaal.,occupation_gap,"Haider storms out of the house, frustrated with the lack of equality in their relationship. Ghazala looks at Hilaal, who is determined to fight for their rights.",3,"Haider storms out of the house, frustrated with the lack of equality in their relationship. Ghazala looks at Hilaal, who is determined to fight for their rights.",1
Haider,,Haider,male,A game of cricket at the village square between Haider,occupation_gap,Haider and his team play a game of cricket at the village square.,3,Haider and his team play a game of cricket at the village square.,1
Haider,,Haider,male,Haider and faces him. She takes out a pistol from inside,occupation_gap,Haider confronts her and she pulls out a pistol.,3,Haider confronts her and she pulls out a pistol.,1
Haider,,Haider,male,bag. Haider is stunned. She puts it on her temple.,appearance_focus,Haider is stunned. He reaches for the bag and puts it on his temple.,2,Haider is stunned. He reaches for the bag and puts it on his temple.,2
Haider,,Ghazala,female,Ghazala screams aloud as tears roll off her cheeks.,appearance_focus,Ghazala's voice rises in anger as tears stream down her face.,2,Ghazala's voice rises in anger as tears stream down her face.,2
Haider,,Ghazala,female,"Ghazala and Haider walk amongst fallen chinar leaves,",appearance_focus,Ghazala and Haider stroll through the rustling chinar trees.,2,Ghazala and Haider stroll through the rustling chinar trees.,2
Haider,,Zahoor,male,We see Zahoor delivering a ﬁery speech to a small gathering,occupation_gap,Zahoor passionately addresses the group with conviction,3,Zahoor passionately addresses the group with conviction,1
Haider,,Ghazala,female,Ghazala is watching news on Doordarshan. A newsreader,occupation_gap,Ghazala is watching the news on Doordarshan. She's interested in the latest developments.,3,Ghazala is watching the news on Doordarshan. She's interested in the latest developments.,1
Haider,,Salman,male,Salman and Salman break out into a huge cheer. Khurram is,occupation_gap,"Salman and Salman break out into a huge cheer, excited to pursue their dreams and overcome any obstacles they may face.",3,"Salman and Salman break out into a huge cheer, excited to pursue their dreams and overcome any obstacles they may face.",1
Haider,,Ghazala,female,"Khurram and Ghazala sit on a sofa, amongst other",occupation_gap,"Khurram and Ghazala sit on a sofa, discussing their shared ambitions and goals.",3,"Khurram and Ghazala sit on a sofa, discussing their shared ambitions and goals.",1
Haider,,Ghazala,female,Ghazala beams with happiness and keeps looking stealthily,appearance_focus,Ghazala smiles confidently and continues to observe,2,Ghazala smiles confidently and continues to observe,2
Haider,,Haider,male,But I do... A message for Haider from his father.,occupation_gap,Haider receives a message from his father.,3,Haider receives a message from his father.,1
Haider,,Haider,male,A message for Haider shall be delivered,occupation_gap,Haider receives a message,3,Haider receives a message,1
Haider,,Haider,male,"they vanish into thin air?’ Haider is amongst the crowd, he",occupation_gap,"Haider disappears into the crowd, but he's not just another face.",3,"Haider disappears into the crowd, but he's not just another face.",1
Haider,,Haider,male,"Haider looks at her but keeps shouting the slogan,",occupation_gap,Haider looks at her and shouts the slogan.,3,Haider looks at her and shouts the slogan.,1
Haider,,Salman,male,aggressively. Salman and Salman look on curiously.,agency_gap,Salman and Salman look on with curiosity.,3,Salman and Salman look on with curiosity.,1
Haider,,Haider,male,Haider suddenly stops and looks at Arshia. Salman &,occupation_gap,Haider pauses and turns to Arshia. He notices Salman and,3,Haider pauses and turns to Arshia. He notices Salman and,1
Haider,,Salman,male,Salman get even more curious and alarmed.,occupation_gap,Salman becomes increasingly curious and alarmed.,3,Salman becomes increasingly curious and alarmed.,1
Haider,,Haider,male,"Inside the booth, Haider dials the number. The phone rings",occupation_gap,Haider dials the number and waits for the call.,3,Haider dials the number and waits for the call.,1
Haider,,Haider,male,Haider looks at Arshia. A beat.,occupation_gap,"Haider looks at Arshia, who is determined to make a name for herself in the male-dominated field.",3,"Haider looks at Arshia, who is determined to make a name for herself in the male-dominated field.",1
Haider,,Haider,male,"gesturing to be followed. Haider opens the door of the car,",occupation_gap,Haider gestures for the character to follow and opens the car door.,3,Haider gestures for the character to follow and opens the car door.,1
Haider,,Salman,male,clicked. We see Salman and Salman at a distance taking,occupation_gap,"Salman and Salman are seen at a distance, both focused on their respective tasks.",3,"Salman and Salman are seen at a distance, both focused on their respective tasks.",1
Haider,,Haider,male,Haider gets down and crosses the bridge as Arshia watches,occupation_gap,"Haider confidently crosses the bridge, and Arshia watches with admiration",3,"Haider confidently crosses the bridge, and Arshia watches with admiration",1
Haider,,Haider,male,Roohdaar marches forward closely followed by Haider.,occupation_gap,Roohdaar and Haider march forward together.,3,Roohdaar and Haider march forward together.,1
Haider,,Salman,male,"Salman and Salman follow Haider, keeping a safe distance.",occupation_gap,"Salman and Salman keep a safe distance from Haider, respecting his privacy.",3,"Salman and Salman keep a safe distance from Haider, respecting his privacy.",1
Haider,,Salman,male,Salman and Salman see a few young militants with guns,occupation_gap,Salman and Salman encounter a group of young people with weapons,3,Salman and Salman encounter a group of young people with weapons,1
Haider,,Salman,male,Salman and Salman walk faster to catch up. Suddenly,occupation_gap,Salman and Salman run to catch up. Suddenly,3,Salman and Salman run to catch up. Suddenly,1
Haider,,Salman 2,male,Salman 2 hears a song coming out of a TV screen from,occupation_gap,Salman 2 discovers a song playing on a TV screen.,3,Salman 2 discovers a song playing on a TV screen.,1
Haider,,Salman Khan,male,song is from a Salman Khan ﬁlm - ‘Kabootar ja ja ja’. The,occupation_gap,The song 'Kabootar ja ja ja' is from a Salman Khan film.,3,The song 'Kabootar ja ja ja' is from a Salman Khan film.,1
Haider,,Haider,male,"Following Roohdaar, Haider goes deeper into the labyrinth",occupation_gap,"Haider, driven by his curiosity and ambition, explores the labyrinth on his own.",3,"Haider, driven by his curiosity and ambition, explores the labyrinth on his own.",1
Haider,,Haider,male,"of lanes. As Haider turns a corner, two young men suddenly",occupation_gap,"As Haider turns a corner, he notices two young people walking in the same direction.",3,"As Haider turns a corner, he notices two young people walking in the same direction.",1
Haider,,Haider,male,the daylight hits his eyes. Roohdaar sits facing Haider. An,occupation_gap,Roohdaar faces Haider as the daylight hits his eyes.,3,Roohdaar faces Haider as the daylight hits his eyes.,1
Haider,,Haider,male,Haider stops. Tears start rolling off his cheeks. Roohdaar,relationship_only,"Haider pauses, wiping away tears. He looks at Roohdaar.",2,"Haider pauses, wiping away tears. He looks at Roohdaar.",2
Haider,,Khurram,male,It was Khurram who betrayed your father. The,occupation_gap,"Khurram betrayed your father, but it was not because of his gender.",3,"Khurram betrayed your father, but it was not because of his gender.",1
Haider,,Ghazala,female,chance. And Ghazala had informed Khurram.,agency_gap,Ghazala informed Khurram about the opportunity.,3,Ghazala informed Khurram about the opportunity.,1
Haider,,Ghazala,female,Ghazala deceived your father and Khurram,agency_gap,Ghazala took charge of her actions and made a decision that affected her relationship with her father and Khurram.,3,Ghazala took charge of her actions and made a decision that affected her relationship with her father and Khurram.,1
Haider,,Haider,male,"To my son, Haider. Tell him to avenge my betrayal",agency_gap,"Haider, I want you to confront me about my betrayal and seek justice together.",3,"Haider, I want you to confront me about my betrayal and seek justice together.",1
Haider,,Haider,male,They sit on the terrace. Roohdaar speaks as Haider sits,occupation_gap,"Roohdaar and Haider sit on the terrace, discussing their plans.",3,"Roohdaar and Haider sit on the terrace, discussing their plans.",1
Haider,,Haider,male,A beat. Zahoor comes to Haider and caresses his hair,appearance_focus,Haider and Zahoor share a moment of intimacy as they bond over their shared struggles,2,Haider and Zahoor share a moment of intimacy as they bond over their shared struggles,2
Haider,,Haider,male,Haider is still. No sign of any emotion in his eyes.,occupation_gap,"Haider maintains a calm demeanor, betraying no emotion in his eyes.",3,"Haider maintains a calm demeanor, betraying no emotion in his eyes.",1
Haider,,Haider,male,Haider looks at the pistol blankly.,occupation_gap,"Haider stares at the gun, contemplating his next move.",3,"Haider stares at the gun, contemplating his next move.",1
Haider,,Haider,male,"wooden shrine, painted green. Haider lies in an inner area",occupation_gap,"Haider is lying in a wooden shrine, painted green.",3,"Haider is lying in a wooden shrine, painted green.",1
Haider,,Haider,male,Haider stands in front of the numbered graveyard.,occupation_gap,"Haider stands in front of the numbered graves, contemplating the lives lost.",3,"Haider stands in front of the numbered graves, contemplating the lives lost.",1
Haider,,Haider,male,Haider stands looking down at the silent ﬂowing water.,occupation_gap,"Haider gazes at the tranquil water, contemplating his next move.",3,"Haider gazes at the tranquil water, contemplating his next move.",1
Haider,,Ghazala,female,Ghazala listens to a bell ringing on the receiver of a telephone.,occupation_gap,Ghazala answers the phone and hears a bell ringing.,3,Ghazala answers the phone and hears a bell ringing.,1
Haider,,Ghazala,female,Ghazala turns to look at him.,appearance_focus,"Ghazala turns to look at him, feeling confident in her own skin.",2,"Ghazala turns to look at him, feeling confident in her own skin.",2
Haider,,Salman,male,photographs of Haider at Downtown bridge. Salman,occupation_gap,Haider is seen taking photographs at the Downtown bridge.,3,Haider is seen taking photographs at the Downtown bridge.,1
Haider,,Salman,male,and Salman on either side of the table. A back shot of,occupation_gap,"Salman and his colleagues at the table, working together to achieve their goals.",3,"Salman and his colleagues at the table, working together to achieve their goals.",1
Haider,,Salman,male,meet with Parvez’s. A beat. Salman brings out an electronic,occupation_gap,Salman brings out an electronic device to meet with Parvez.,3,Salman brings out an electronic device to meet with Parvez.,1
Haider,,Haider,male,Parvez turns to Khurram and points at Haider in the,occupation_gap,"Parvez turns to Khurram and says, 'Haider is an aspiring musician, just like you were.'""

Line: ""She's a doctor, but she's",3,"Parvez turns to Khurram and says, 'Haider is an aspiring musician, just like you were.'""

Line: ""She's a doctor, but she's",1
Haider,,Haider,male,We can get to him via Haider…,occupation_gap,"We can reach him through Haider, who is a skilled and ambitious detective.",3,"We can reach him through Haider, who is a skilled and ambitious detective.",1
Haider,,Haider,male,We’ll have to watch out for Haider... Together.,agency_gap,Haider is ambitious and we need to work together to achieve our goals.,3,Haider is ambitious and we need to work together to achieve our goals.,1
Haider,,Ghazala,female,Ghazala ties a thread and prays. She takes the maulvi’s,occupation_gap,"Ghazala ties a thread and prays. She takes the maulvi’s advice, but also follows her own ambition and seeks equality in her community.",3,"Ghazala ties a thread and prays. She takes the maulvi’s advice, but also follows her own ambition and seeks equality in her community.",1
Haider,,Ghazala,female,Khurram and Ghazala travel in the car. She looks out of,appearance_focus,Khurram and Ghazala drive together. She takes in the view.,2,Khurram and Ghazala drive together. She takes in the view.,2
Haider,,Ghazala,female,It takes Khurram a moment to recognize him. Ghazala also,occupation_gap,Khurram and Ghazala both recognize him.,3,Khurram and Ghazala both recognize him.,1
Haider,,Haider,male,comes out. She is shocked to see Haider in this new avatar.,relationship_only,Haider surprises her with his new look.,2,Haider surprises her with his new look.,2
Haider,,Ghazala,female,starts jumping. Tears are streaming off Ghazala’s eyes. She,relationship_only,"Ghazala jumps, tears streaming down her face. She",2,"Ghazala jumps, tears streaming down her face. She",2
Haider,,Haider,male,"Khurram moves ahead towards Haider, followed by his",occupation_gap,She is,3,She is,1
Haider,,Haider,male,Haider turns back to see Khurram surrounded by,occupation_gap,Haider turns back to see Khurram working on his project with a group of colleagues.,3,Haider turns back to see Khurram working on his project with a group of colleagues.,1
Haider,,Haider,male,Haider comes to the car and stands in front of the window.,occupation_gap,Haider approaches the car and positions himself in front of the window.,3,Haider approaches the car and positions himself in front of the window.,1
Haider,,Ghazala,female,"Ghazala looks at him, her face drowned in tears.",appearance_focus,Ghazala's face is filled with tears as she looks at him.,2,Ghazala's face is filled with tears as she looks at him.,2
Haider,,Haider,male,Haider raises his eyebrows to tease them.,appearance_focus,"Haider raises his eyebrows, confident in his appearance.",2,"Haider raises his eyebrows, confident in his appearance.",2
Haider,,Haider,male,"Faraway, Haider, still dressed in the same suit, plays cricket",occupation_gap,She's a nurse,3,She's a nurse,1
Haider,,Haider,male,Khurram opens the ﬁle on a small table as Haider looks on.,occupation_gap,"Khurram opens the ﬁle on a small table, and Haider watches with interest.",3,"Khurram opens the ﬁle on a small table, and Haider watches with interest.",1
Haider,,Haider,male,"He picks a photograph and holds it for Haider. It’s Roohdaar,",occupation_gap,"Haider holds a photograph of Roohdaar, who is a talented photographer.",3,"Haider holds a photograph of Roohdaar, who is a talented photographer.",1
Haider,,Haider,male,looking totally different. Haider is shocked.,appearance_focus,She,2,She,2
Haider,,Haider,male,"to Haider, she looks quite angry.",appearance_focus,Haider notices her anger.,2,Haider notices her anger.,2
Haider,,Haider,male,"Haider is quiet, still lost in Khurram’s episode. She shakes",relationship_only,"Haider is lost in Khurram’s episode, but he's not afraid to express his feelings.",2,"Haider is lost in Khurram’s episode, but he's not afraid to express his feelings.",2
Haider,,Haider,male,Haider looks at her and smiles weakly.,agency_gap,"Haider looks at her and smiles, feeling a mix of emotions.",3,"Haider looks at her and smiles, feeling a mix of emotions.",1
Haider,,Ghazala,female,"along with the priest, while Ghazala counts chickpeas in",relationship_only,"Ghazala, who is also a skilled cook, prepares a meal for the group, including the priest.",2,"Ghazala, who is also a skilled cook, prepares a meal for the group, including the priest.",2
Haider,,Haider,male,an earthen pot full of water. Arshia sits with Haider at the,occupation_gap,Arshia and Haider sit together with a pot of water.,3,Arshia and Haider sit together with a pot of water.,1
Haider,,Haider,male,law live a widow’s life... and my dearest Haider,relationship_only,"Haider, who has been living a widow's life, and I",2,"Haider, who has been living a widow's life, and I",2
Haider,,Salman,male,Salman and Salman take the cue and whispers loudly and,occupation_gap,Salman and Salman share a moment of understanding and,3,Salman and Salman share a moment of understanding and,1
Haider,,Ghazala,female,Ghazala has a timid smile on her face. Haider's jaws tighten,appearance_focus,"Ghazala gives Haider a warm smile, and he feels a sense of comfort.",2,"Ghazala gives Haider a warm smile, and he feels a sense of comfort.",2
Haider,,Haider,male,Khurram looks at Haider and smiles. Haider’s eyes display,occupation_gap,Khurram looks at Haider and smiles. Haider’s eyes display determination and ambition.,3,Khurram looks at Haider and smiles. Haider’s eyes display determination and ambition.,1
Haider,,Ghazala,female,hatred and hurt. Khurram’s smile fades out. Ghazala follows,agency_gap,"Khurram's smile fades out as he realizes the depth of his hatred and hurt. Ghazala follows, determined to help him overcome these feelings.",3,"Khurram's smile fades out as he realizes the depth of his hatred and hurt. Ghazala follows, determined to help him overcome these feelings.",1
Haider,,Haider,male,to see him so cheerful. Haider notices her while dancing. He,relationship_only,Haider notices her while dancing. She's happy to see him.,2,Haider notices her while dancing. She's happy to see him.,2
Haider,,Salman,male,He grabs her hand and runs deeper into the village. Salman,occupation_gap,Salman grabs her hand and runs deeper into the village.,3,Salman grabs her hand and runs deeper into the village.,1
Haider,,Salman,male,and Salman follow them. A chase begins - Haider manages,occupation_gap,Haider manages to catch up with Salman and they engage in a chase.,3,Haider manages to catch up with Salman and they engage in a chase.,1
Haider,,Haider,male,"the claustrophobic conﬁnes of the hollow tree, Haider and",occupation_gap,"Haider, trapped in the confined space of the hollow tree, felt the weight of his ambition pressing down on him.",3,"Haider, trapped in the confined space of the hollow tree, felt the weight of his ambition pressing down on him.",1
Haider,,Haider,male,Promise me… Haider... You will do no such thing.,agency_gap,"Haider, I trust you to make your own decisions.",3,"Haider, I trust you to make your own decisions.",1
Haider,,Haider,male,Haider looks away. She puts his hand over her head.,relationship_only,Haider looks away. He puts his hand over her head.,2,Haider looks away. He puts his hand over her head.,2
Haider,,Haider,male,"arms, Haider walks up to him and hugs him tight.",appearance_focus,Haider approaches him and they share a warm embrace.,2,Haider approaches him and they share a warm embrace.,2
Haider,,Ghazala,female,Haider reaches Ghazala’s room. She looks beautiful in a,appearance_focus,"Haider reaches Ghazala’s room. She is confident and radiant, wearing a",2,"Haider reaches Ghazala’s room. She is confident and radiant, wearing a",2
Haider,,Ghazala,female,bride’s attire. Ghazala looks at him in the mirror. She turns,appearance_focus,"Ghazala examines her reflection, considering her attire for the wedding. She turns to him.",2,"Ghazala examines her reflection, considering her attire for the wedding. She turns to him.",2
Haider,,Ghazala,female,Ghazala’s smile fades out. Haider suddenly laughs.,relationship_only,"Ghazala’s smile fades out, but she quickly regains her composure and continues to pursue her goals.",2,"Ghazala’s smile fades out, but she quickly regains her composure and continues to pursue her goals.",2
Haider,,Ghazala,female,Khurram looks at Ghazala who is sitting with a few women,relationship_only,Khurram notices Ghazala and her female companions.,2,Khurram notices Ghazala and her female companions.,2
Haider,,Haider,male,Haider hides his pistol inside the ﬂush tank.,occupation_gap,Haider conceals his weapon in the toilet.,3,Haider conceals his weapon in the toilet.,1
Haider,,Ghazala,female,Khurram Hussain Meer... do you accept Ghazala,occupation_gap,"Khurram Hussain Meer, do you accept Ghazala as your equal partner in life and career?",3,"Khurram Hussain Meer, do you accept Ghazala as your equal partner in life and career?",1
Haider,,Ghazala Akhtar,female,Ghazala Akhtar... Do you accept Khurram Hussain,relationship_only,"Ghazala Akhtar, do you want to be with Khurram Hussain?",2,"Ghazala Akhtar, do you want to be with Khurram Hussain?",2
Haider,,Haider,male,Ghazala keeps looking down. Haider looks at her while,relationship_only,"Ghazala looks up at Haider, who is looking at her.",2,"Ghazala looks up at Haider, who is looking at her.",2
Haider,,Ghazala,female,standing at the door. On his face we hear Ghazala’s voice.,relationship_only,Ghazala's voice reaches him from the door.,2,Ghazala's voice reaches him from the door.,2
Haider,,Ghazala,female,Guests congratulate Ghazala and Khurram who sit at the,relationship_only,"Ghazala and Khurram, who have worked hard to achieve their goals, are congratulated by guests as they sit together.",2,"Ghazala and Khurram, who have worked hard to achieve their goals, are congratulated by guests as they sit together.",2
Haider,,Haider,male,"narrator, a masked Haider, begins the play. The players -",occupation_gap,"Haider, a masked narrator, begins the play. The players -",3,"Haider, a masked narrator, begins the play. The players -",1
Haider,,Ghazala,female,"Ghazala and Khurram are visibly disturbed. Khurram,",appearance_focus,"Ghazala and Khurram are visibly disturbed. Khurram, you're upset. What's wrong?",2,"Ghazala and Khurram are visibly disturbed. Khurram, you're upset. What's wrong?",2
Haider,,Haider,male,dance move Haider kneels before Khurram to end the,relationship_only,"Haider kneels before Khurram to end the conflict, but not because of any gender-based expectations.",2,"Haider kneels before Khurram to end the conflict, but not because of any gender-based expectations.",2
Haider,,Haider,male,Khurram claps gently. He inches closer towards Haider and,occupation_gap,Khurram approaches Haider with a gentle clap and,3,Khurram approaches Haider with a gentle clap and,1
Haider,,Haider,male,"Haider is silent. Khurram pulls down his mask, to reveal his",occupation_gap,"Haider is silent. Khurram removes his mask, to reveal his",3,"Haider is silent. Khurram removes his mask, to reveal his",1
Haider,,Zahoor Hussain,male,Who wrote this play? Zahoor Hussain?  Or was it,occupation_gap,"Who wrote this play? Zahoor Hussain?  Or was it someone else?""

Line: ""She's a nurse.  She'",3,"Who wrote this play? Zahoor Hussain?  Or was it someone else?""

Line: ""She's a nurse.  She'",1
Haider,,Haider,male,"Haider is shocked, his eyes dart towards Arshia who is",occupation_gap,"Haider is surprised to see Arshia, who is",3,"Haider is surprised to see Arshia, who is",1
Haider,,Haider,male,Haider is seething with anger. Khurram looks at Parvez and,occupation_gap,"Haider is seething with anger. Khurram looks at Parvez, who is calmly trying to de-escalate the situation.",3,"Haider is seething with anger. Khurram looks at Parvez, who is calmly trying to de-escalate the situation.",1
Haider,,Ghazala,female,nods. Parvez nods to a policeman in turn. Ghazala looks at,occupation_gap,"nods. Parvez nods to a policeman in turn. Ghazala, a determined and ambitious young woman, looks at",3,"nods. Parvez nods to a policeman in turn. Ghazala, a determined and ambitious young woman, looks at",1
Haider,,Haider,male,Haider looks at the policeman walking towards him. He,occupation_gap,Haider observes the policeman approaching him.,3,Haider observes the policeman approaching him.,1
Haider,,Salman,male,Salman and Salman appear from nowhere. One of them hits,occupation_gap,Two men emerge from the shadows. One of them lunges forward and strikes,3,Two men emerge from the shadows. One of them lunges forward and strikes,1
Haider,,Haider,male,him hard on the back of his head with a wooden log. Haider,occupation_gap,"Haider, determined to succeed, worked tirelessly to build his business.",3,"Haider, determined to succeed, worked tirelessly to build his business.",1
Haider,,Ghazala,female,"an injection on his arm. Ghazala sits next to him, silently",agency_gap,Ghazala silently observes as he receives an injection on his arm.,3,Ghazala silently observes as he receives an injection on his arm.,1
Haider,,Ghazala,female,Khurram sits next to Ghazala who still brushes Haider’s,relationship_only,"Khurram and Ghazala sit next to Haider, each with their own tasks and responsibilities.",2,"Khurram and Ghazala sit next to Haider, each with their own tasks and responsibilities.",2
Haider,,Ghazala,female,Ghazala. He looks at Haider sleeping like a baby.,appearance_focus,Ghazala. She gazes at Haider sleeping peacefully.,2,Ghazala. She gazes at Haider sleeping peacefully.,2
Haider,,Haider,male,don’t care if Haider has to die.,agency_gap,Haider is willing to risk his life to save the world.,3,Haider is willing to risk his life to save the world.,1
Haider,,Ghazala,female,Haider sleeps on the bed. Ghazala sleeps next to him on a,relationship_only,"Haider and Ghazala share a bed, each with their own space.",2,"Haider and Ghazala share a bed, each with their own space.",2
Haider,,Haider,male,next to Haider and slowly takes Ghazala’s hand off his chest,relationship_only,"Haider and Ghazala hold hands, both equally invested in their relationship.",2,"Haider and Ghazala hold hands, both equally invested in their relationship.",2
Haider,,Ghazala,female,Ghazala slowly wakes up. Hilaal looks at her expressionless.,occupation_gap,"Ghazala opens her eyes and looks at Hilaal, who is concerned about her.",3,"Ghazala opens her eyes and looks at Hilaal, who is concerned about her.",1
Haider,,Haider,male,She is shocked. Hilaal looks back at the sleeping Haider and,relationship_only,"Hilaal looks back at the sleeping Haider, and she feels a mix of emotions.",2,"Hilaal looks back at the sleeping Haider, and she feels a mix of emotions.",2
Haider,,Ghazala,female,"comes out and looks at Ghazala, she is still asleep.",appearance_focus,Ghazala is still asleep as she comes out.,2,Ghazala is still asleep as she comes out.,2
Haider,,Haider,male,"prayer, his back towards Haider. Khurram murmurs the",occupation_gap,Haider turns away from Khurram as he prays.,3,Haider turns away from Khurram as he prays.,1
Haider,,Salman,male,"Parvez drives up at the house, followed by Salman and",occupation_gap,"Parvez, Salman, and others arrive at the house.",3,"Parvez, Salman, and others arrive at the house.",1
Haider,,Salman,male,"Salman in a jeep. The guards salute Parvez, as he steps out",occupation_gap,"Salman and Parvez, both in their own vehicles, drive up to the guards. The guards salute them as they step out.",3,"Salman and Parvez, both in their own vehicles, drive up to the guards. The guards salute them as they step out.",1
Haider,,Haider,male,"Haider is now right behind him, his hand trembles as he raises",occupation_gap,"Haider steps forward, his hand steady as he raises",3,"Haider steps forward, his hand steady as he raises",1
Haider,,Haider,male,ﬂinch an inch. Haider’s ﬁnger is on the trigger.,occupation_gap,"Haider's finger is on the trigger, ready to act.",3,"Haider's finger is on the trigger, ready to act.",1
Haider,,Salman,male,Haider comes out of the prayer room to face Salman and,occupation_gap,Haider emerges from the prayer room and confronts Salman.,3,Haider emerges from the prayer room and confronts Salman.,1
Haider,,Salman,male,Salman along with Parvez standing at the door.,occupation_gap,Salman and Parvez stand at the door.,3,Salman and Parvez stand at the door.,1
Haider,,Salman,male,"Parvez lunges at him, Haider’s pistol ﬂies away. Salman and",occupation_gap,"Parvez lunges at him, but Haider manages to dodge the attack. Salman and",3,"Parvez lunges at him, but Haider manages to dodge the attack. Salman and",1
Haider,,Ghazala,female,Ghazala comes out hearing the commotion. Khurram walks,occupation_gap,Ghazala hears the commotion and rushes out to see what's happening. Khurram follows her.,3,Ghazala hears the commotion and rushes out to see what's happening. Khurram follows her.,1
Haider,,Salman,male,out still wearing his prayer cap. Salman and Salman hold,occupation_gap,"Salman, still wearing his prayer cap, holds a conversation with his friend.",3,"Salman, still wearing his prayer cap, holds a conversation with his friend.",1
Haider,,Haider,male,a fuming Haider. Parvez ties Haider’s hands with his red,occupation_gap,"Haider, frustrated, ties his own hands with red.",3,"Haider, frustrated, ties his own hands with red.",1
